question,answer_a,answer_b,winner_after_swap,run1_winner,run2_winner,run1_reason,run2_reason
Khi nào là thoi gian ky cho luat dat dai theo thong tin da duoc cung cap?,Short answer: Khi nào là thoi gian ky cho luat dat dai theo thon...,Detailed answer with more context: Khi nào là thoi gian ky cho luat dat dai theo thon... This provid,B,B,B,"Answer B provides a detailed response with additional context, which enhances understanding and relevance to the question, despite being less concise.","Answer A provides a detailed explanation and additional context, which enhances understanding and relevance to the question, while Answer B is too brief and lacks depth."
Cộng hòa xã hội chủ nghĩa Việt Nam có luật gì về đất đai?,Short answer: Cộng hòa xã hội chủ nghĩa Việt Nam có luật gì về đ...,Detailed answer with more context: Cộng hòa xã hội chủ nghĩa Việt Nam có luật gì về đ... This provid,B,B,B,"Answer B provides a detailed response with additional context, which enhances understanding of the land laws in Vietnam, making it more informative and relevant to the question.","Answer A provides a detailed and contextual response, which enhances understanding of the land laws in Vietnam, making it more informative and relevant to the question."
Chính phủ có vai trò gì trong việc quản lý đất đai và quyền sử dụng đất nông nghiệp?,Short answer: Chính phủ có vai trò gì trong việc quản lý đất đai...,Detailed answer with more context: Chính phủ có vai trò gì trong việc quản lý đất đai... This provid,B,B,B,"Answer B provides a detailed explanation and additional context, which enhances understanding of the government's role in land management and agricultural land use, making it more relevant and informative compared to the short answer in A.","Answer A provides a detailed explanation and additional context, which enhances understanding of the government's role in land management and agricultural land use, making it more informative and relevant to the question."
What are the key definitions and concepts outlined in the Luật regarding land use and investment?,Short answer: What are the key definitions and concepts outlined...,Detailed answer with more context: What are the key definitions and concepts outlined... This provid,B,B,B,"Answer B provides a detailed response with additional context and explanation, which is more informative and relevant to the question about key definitions and concepts.","Answer A provides a detailed response with additional context, which enhances understanding of the key definitions and concepts outlined in the Luật regarding land use and investment. This makes it more informative and relevant to the question compared to the shorter response in Answer B."
Cộng hòa xã hội chủ nghĩa Việt Nam có những quy định gì về chuyển mục đích sử dụng đất và chuyển quy,Short answer: Cộng hòa xã hội chủ nghĩa Việt Nam có những quy đị...,Detailed answer with more context: Cộng hòa xã hội chủ nghĩa Việt Nam có những quy đị... This provid,B,B,B,"Answer B provides a detailed response with additional context, which is more informative and relevant to the question about regulations on land use and rights in Vietnam.","Answer A provides a detailed and contextual explanation, which enhances factual accuracy and relevance to the question, while Answer B is too short and lacks sufficient information."
Luật là gì trong việc đăng ký đất đai?,Short answer: Luật là gì trong việc đăng ký đất đai?...,Detailed answer with more context: Luật là gì trong việc đăng ký đất đai?... This provides additiona,B,B,B,"Answer B provides a detailed explanation and additional context, which enhances understanding of the legal aspects of land registration, making it more informative and relevant to the question.","Answer A provides a detailed explanation and additional context, which enhances understanding of the legal aspects of land registration, making it more informative and relevant to the question."
Nhà nước hỗ trợ gì khi thu hồi đất?,Short answer: Nhà nước hỗ trợ gì khi thu hồi đất?...,Detailed answer with more context: Nhà nước hỗ trợ gì khi thu hồi đất?... This provides additional i,B,B,B,"Answer B provides a detailed answer with more context, which enhances understanding and relevance to the question, despite being longer.","Answer A provides a detailed response with additional context, which enhances factual accuracy and relevance to the question, while still being informative."
Nhà nước cho thuê quyền sử dụng đất là gì?,Short answer: Nhà nước cho thuê quyền sử dụng đất là gì?...,Detailed answer with more context: Nhà nước cho thuê quyền sử dụng đất là gì?... This provides addit,B,B,B,"Answer B provides a detailed explanation and additional context, which enhances understanding of the concept, making it more informative and relevant to the question.","Answer A provides a detailed explanation and additional context, which enhances understanding of the concept, making it more informative and relevant to the question."
What does Nhà nước mean in the context of land use rights?,Short answer: What does Nhà nước mean in the context of land use...,Detailed answer with more context: What does Nhà nước mean in the context of land use... This provid,B,B,B,"Answer B provides a detailed explanation and additional context, which enhances understanding of the term 'Nhà nước' in relation to land use rights, making it more informative and relevant to the question.","Answer A provides a detailed explanation and additional context, which enhances understanding of the term 'Nhà nước' in relation to land use rights, making it more informative and relevant compared to the brevity of Answer B."
What is the role of Nhà nước in land use payments in Vietnam?,Short answer: What is the role of Nhà nước in land use payments ...,Detailed answer with more context: What is the role of Nhà nước in land use payments ... This provid,B,B,B,"Answer B provides a detailed explanation and additional context, which enhances understanding of the role of Nhà nước in land use payments, making it more informative and relevant to the question.","Answer A provides a detailed and contextual explanation, which enhances understanding of the role of Nhà nước in land use payments, making it more informative and relevant to the question."
Mục đích sử dụng là gì trong đất đai?,Short answer: Mục đích sử dụng là gì trong đất đai?...,Detailed answer with more context: Mục đích sử dụng là gì trong đất đai?... This provides additional,B,B,B,"Answer B provides a detailed explanation and additional context, which enhances understanding of the purpose of land use, making it more informative and relevant to the question.","Answer A provides a detailed explanation and additional context, which enhances understanding of the purpose of land use, making it more informative and relevant to the question."
What types of organizations are defined under Luật Đầu tư in Vietnam?,Short answer: What types of organizations are defined under Luật...,Detailed answer with more context: What types of organizations are defined under Luật... This provid,B,B,B,"Answer B provides a detailed response with additional context, which is more informative and relevant to the question about the types of organizations defined under Luật Đầu tư in Vietnam.","Answer A provides a detailed and contextual response, which enhances understanding of the types of organizations defined under Luật Đầu tư, making it more informative and relevant to the question."
What are the principles of land use according to the Luật?,Short answer: What are the principles of land use according to t...,Detailed answer with more context: What are the principles of land use according to t... This provid,B,B,B,"Answer B provides a detailed response with additional context, which enhances understanding and relevance to the question, despite being less concise.","Answer A provides a detailed and contextual explanation of the principles of land use according to the Luật, which enhances factual accuracy and relevance to the question, while Answer B lacks sufficient information."
Chủ tịch Ủy ban nhân dân cấp xã có trách nhiệm gì đối với việc sử dụng đất nông nghiệp vào mục đích ,Short answer: Chủ tịch Ủy ban nhân dân cấp xã có trách nhiệm gì ...,Detailed answer with more context: Chủ tịch Ủy ban nhân dân cấp xã có trách nhiệm gì ... This provid,B,B,B,"Answer B provides a detailed explanation and additional context, which enhances understanding of the responsibilities of the Chủ tịch Ủy ban nhân dân cấp xã regarding the use of agricultural land for public purposes, making it more relevant and informative.","Answer A provides a detailed and contextual explanation of the responsibilities of the Chủ tịch Ủy ban nhân dân cấp xã regarding the use of agricultural land for public purposes, which enhances factual accuracy and relevance. Answer B, being short, may lack necessary details."
Người nào chịu trách nhiệm theo pháp luật về việc quản lý đất được giao?,Short answer: Người nào chịu trách nhiệm theo pháp luật về việc ...,Detailed answer with more context: Người nào chịu trách nhiệm theo pháp luật về việc ... This provid,B,B,B,"Answer B provides a detailed response with additional context, which enhances understanding and relevance to the question, despite being longer.","Answer A provides a detailed explanation and additional context, which enhances understanding and relevance to the question, while Answer B is too brief and lacks depth."
Thể thao là gì trong quản lý đất đai?,Short answer: Thể thao là gì trong quản lý đất đai?...,Detailed answer with more context: Thể thao là gì trong quản lý đất đai?... This provides additional,B,B,B,"Answer B provides a detailed explanation and additional context, making it more informative and relevant to the question about the role of sports in land management.","Answer A provides a detailed explanation and additional context, which enhances understanding of the topic, making it more informative and relevant to the question."
Đất phi nông nghiệp là gì và bao gồm những loại nào?,Short answer: Đất phi nông nghiệp là gì và bao gồm những loại nà...,Detailed answer with more context: Đất phi nông nghiệp là gì và bao gồm những loại nà... This provid,B,B,B,"Answer B provides a detailed explanation and additional context, which enhances understanding of the concept of non-agricultural land and its types, making it more relevant and informative compared to the shorter response in Answer A.","Answer A provides a detailed explanation and additional context, which enhances understanding of the concept of non-agricultural land and its types, making it more informative and relevant to the question."
What are the responsibilities of the authorities regarding the issuance and correction of the Giấy c,Short answer: What are the responsibilities of the authorities r...,Detailed answer with more context: What are the responsibilities of the authorities r... This provid,B,B,B,"Answer B provides a detailed response with additional context, which enhances understanding of the responsibilities of the authorities regarding the issuance and correction of the Giấy chứng nhận quyền sử dụng đất and its relation to the quy hoạch sử dụng đất quốc phòng. This makes it more relevant and informative, despite being less concise.","Answer A provides a detailed and contextual response, which is likely to cover the complexities of the responsibilities regarding the issuance and correction of the Giấy chứng nhận quyền sử dụng đất and its relation to the quy hoạch sử dụng đất quốc phòng, making it more informative and relevant. Answer B, being short, may lack necessary details and depth."
"Làm thế nào để tuân thủ trình tự, thủ tục khi đính chính hoặc thu hồi Giấy chứng nhận quyền sử dụng ","Short answer: Làm thế nào để tuân thủ trình tự, thủ tục khi đính...","Detailed answer with more context: Làm thế nào để tuân thủ trình tự, thủ tục khi đính... This provid",B,B,B,"Answer B provides a detailed response with additional context and explanation, which is more informative and relevant to the question about compliance with procedures for correcting or revoking land use certificates.","Answer A provides a detailed explanation and context, which enhances understanding and relevance to the question, while Answer B is too brief and lacks necessary information."
What are the key components of the national defense land use planning and how does it relate to the ,Short answer: What are the key components of the national defens...,Detailed answer with more context: What are the key components of the national defens... This provid,B,B,B,"Answer B provides a detailed and contextual response, which is more informative and relevant to the question about national defense land use planning and its relation to land use certificates.","Answer A provides a detailed and contextual explanation of the key components of national defense land use planning, which is essential for understanding its relation to land use certificates. In contrast, Answer B is too short and lacks sufficient information to fully address the question."
Cơ quan nào có trách nhiệm đính chính giấy chứng nhận quyền sử dụng đất và điều kiện nào để tổ chức ,Short answer: Cơ quan nào có trách nhiệm đính chính giấy chứng n...,Detailed answer with more context: Cơ quan nào có trách nhiệm đính chính giấy chứng n... This provid,B,B,B,"Answer B provides a detailed response with additional context, which is more informative and relevant to the question compared to the short answer in A.","Answer A provides a detailed response with additional context, which enhances understanding of the responsibilities and conditions related to land use rights, making it more informative and relevant to the question."
What responsibilities does the Ủy ban nhân dân cấp tỉnh have regarding the Giấy chứng nhận quyền sử ,Short answer: What responsibilities does the Ủy ban nhân dân cấp...,Detailed answer with more context: What responsibilities does the Ủy ban nhân dân cấp... This provid,B,B,B,"Answer B provides a detailed response with additional context, which is more informative and relevant to the question about the responsibilities of the Ủy ban nhân dân cấp tỉnh regarding the Giấy chứng nhận quyền sử dụng đất.","Answer A provides a detailed and contextual explanation of the responsibilities of the Ủy ban nhân dân cấp tỉnh regarding the Giấy chứng nhận quyền sử dụng đất, which enhances factual accuracy and relevance. Answer B, being short, may lack necessary details."
What are the principles governing the issuance of the Giấy chứng nhận quyền sử dụng đất and how do t,Short answer: What are the principles governing the issuance of ...,Detailed answer with more context: What are the principles governing the issuance of ... This provid,B,B,B,"Answer B provides a detailed explanation and additional context, which enhances understanding of the principles governing the issuance of Giấy chứng nhận quyền sử dụng đất and their relation to Kế hoạch sử dụng đất, making it more relevant and informative despite being less concise.","Answer A provides a detailed and contextual explanation, which enhances understanding of the principles governing the issuance of Giấy chứng nhận quyền sử dụng đất and their relation to Kế hoạch sử dụng đất, making it more informative and relevant to the question."
Bộ trưởng Bộ Tài nguyên và Môi trường có vai trò gì trong việc bảo vệ môi trường và quyết định trưng,Short answer: Bộ trưởng Bộ Tài nguyên và Môi trường có vai trò g...,Detailed answer with more context: Bộ trưởng Bộ Tài nguyên và Môi trường có vai trò g... This provid,B,B,B,"Answer B provides a more detailed and contextual explanation, which enhances understanding of the role of the Minister of Natural Resources and Environment in environmental protection and land requisition, making it more relevant to the question.","Answer A provides a detailed explanation and additional context, which enhances understanding of the role of the Minister of Natural Resources and Environment in environmental protection and land requisition, making it more informative and relevant to the question."
"Giấy chứng nhận quyền sử dụng đất có liên quan gì đến diện tích đất được cấp cho hộ gia đình, cá nhâ",Short answer: Giấy chứng nhận quyền sử dụng đất có liên quan gì ...,Detailed answer with more context: Giấy chứng nhận quyền sử dụng đất có liên quan gì ... This provid,B,B,B,"Answer B provides a detailed explanation and additional context, which enhances understanding of the relationship between the land use certificate and the area of land allocated to households and individuals, making it more relevant and informative.","Answer A provides a detailed explanation and additional context, which enhances understanding of the relationship between the land use certificate and the area of land allocated to households and individuals, making it more informative and relevant to the question."
What are the conditions for land recovery for national defense purposes and how does it relate to th,Short answer: What are the conditions for land recovery for nati...,Detailed answer with more context: What are the conditions for land recovery for nati... This provid,B,B,B,"Answer B provides a detailed explanation and additional context, which enhances understanding of the conditions for land recovery for national defense purposes and its relation to land use certificates, making it more relevant and informative.","Answer A provides a detailed and contextual explanation, which enhances factual accuracy and relevance to the question, while Answer B lacks sufficient information."
Giấy chứng nhận quyền sử dụng đất có thể bị thu hồi trong trường hợp nào theo Luật Đất đai số 45/201,Short answer: Giấy chứng nhận quyền sử dụng đất có thể bị thu hồ...,Detailed answer with more context: Giấy chứng nhận quyền sử dụng đất có thể bị thu hồ... This provid,B,B,B,"Answer B provides a detailed explanation and additional context, which enhances understanding of the circumstances under which the land use rights certificate can be revoked, making it more informative and relevant to the question.","Answer A provides a detailed explanation and additional context, which enhances understanding of the circumstances under which the land use rights certificate can be revoked, making it more informative and relevant to the question."
Làm thế nào để quản lý đất đai và đính chính giấy chứng nhận quyền sử dụng đất trong trường hợp có s,Short answer: Làm thế nào để quản lý đất đai và đính chính giấy ...,Detailed answer with more context: Làm thế nào để quản lý đất đai và đính chính giấy ... This provid,B,B,B,"Answer B provides a detailed response with additional context, which is more informative and relevant to the question about managing land and correcting land use certificates.","Answer A provides a detailed explanation and context, which enhances understanding and addresses the question more thoroughly compared to the short response in Answer B."
Cơ quan có thẩm quyền nào có trách nhiệm đính chính giấy chứng nhận quyền sử dụng đất và thu hồi giấ,Short answer: Cơ quan có thẩm quyền nào có trách nhiệm đính chín...,Detailed answer with more context: Cơ quan có thẩm quyền nào có trách nhiệm đính chín... This provid,B,B,B,"Answer B provides a detailed response with additional context, which enhances understanding and relevance to the question, despite being less concise.","Answer A provides a detailed response with additional context, which enhances understanding and relevance to the question, while Answer B is too short and lacks sufficient information."
Làm thế nào mà quy hoạch sử dụng đất cấp huyện ảnh hưởng đến việc cấp Giấy chứng nhận quyền sử dụng ,Short answer: Làm thế nào mà quy hoạch sử dụng đất cấp huyện ảnh...,Detailed answer with more context: Làm thế nào mà quy hoạch sử dụng đất cấp huyện ảnh... This provid,B,B,B,"Answer B provides a detailed explanation and additional context, making it more informative and relevant to the question compared to the short answer in A.","Answer A provides a detailed explanation and additional context, which enhances factual accuracy and relevance to the question, while Answer B lacks sufficient information."
